id;label;date;creation_date
1;budgetary management;2019-09-13T11:27:01;2019-09-13T04:33:45
2;AI synthesize;2019-09-12T19:45:12;2019-09-13T03:20:20
3;multi-tasking indigo;2019-09-13T11:48:09;2019-09-13T01:53:59
4;navigating empower;2019-09-13T16:07:04;2019-09-12T23:49:20
5;cross-platform Handmade program;2019-09-13T13:22:16;2019-09-13T00:52:19
6;RSS Wooden SQL;2019-09-13T18:01:20;2019-09-13T13:53:47
7;process improvement expedite;2019-09-13T14:04:38;2019-09-13T06:14:27
8;structure initiatives;2019-09-13T05:21:11;2019-09-13T15:01:54
9;optical;2019-09-13T11:46:03;2019-09-13T06:39:50
10;Sleek South Carolina Money Market Account;2019-09-13T06:29:44;2019-09-13T08:20:58
